text,true_label,pred_label
u want xmas 100 free text messages new video phone half price line rental call free 0800 0721072 find,smishing,smishing
dont know bring food,ham,ham
140 ard rest ard 180 least price 4 2 bedrm 900,ham,ham
oh fine tonight,ham,ham
checking really miss seeing jeremiah great month,ham,ham
lol ok snatch purse,ham,ham
important customer service announcement calnumber 0800 542 0826,smishing,smishing
never wanted tell short edge late,ham,ham
bus love,ham,ham
2 babe feel lets 4get try cheer fit soo muchxxlove u locaxx,ham,ham
nothing spl wat abt u whr ru,ham,ham
yeah probably sure ilol let u know personally wuldnt bother ur goin mite well,ham,ham
shall bring us bottle wine keep us amused joking bring one anyway,ham,ham
callin say hi take care bruv,ham,ham
free 1st week no1 nokia tone 4 ur mob every week txt nokia 87077 zed pobox 36504 w45wq norm150p tone 16,spam,spam
need ke qi bored izzit suddenly thk,ham,ham
gr8 see message r u leaving congrats dear school wat r ur plans,ham,ham
ok tell later,ham,ham
smile pleasure smile pain smile trouble pours like rain smile sum1 hurts u smile becoz someone still loves see u smiling keep smiling,ham,ham
navratra special launching 9th oct chd presnts phase 3 avenue71 shona road gurgaon rs 4150 lease rs 400 inaugural discount sms icd 54999,spam,ham
aah bless arm,ham,ham
yay wait party together,ham,ham
want go,ham,ham
link picture sent also use,smishing,ham
wonder get text,ham,ham
party place usf charge contribute way greatly appreciated yeah got room one,ham,ham
minimum walk 3miles day,ham,ham
saw message k da,ham,ham
pls give food preferably pap slowly loads sugar take hour give water slowly,ham,ham
hiya comin 2 bristol 1 st week april les got rudi new yrs eve snoring drunk u bak college yet work sends ink 2 bath,ham,ham
monthly password wap mobsi com 391784 use wap phone pc,spam,ham
k k detail want transfer acc enough,ham,ham
want send virtual hug need one,ham,ham
200 free minutes mobile 100 free text free camcorder reply call 8000930705,smishing,smishing
thanx 4 sending home,ham,ham
said u mind go bedroom minute ok sed sexy mood came 5 minuts latr wid cake n wife children,ham,ham
fine absolutly fine,ham,ham
1 new message please call 08715205273,smishing,smishing
saw guys dolls last night patrick swayze great,ham,ham
yes gauti sehwag odi series,ham,ham
well balls time make calls,ham,ham
reverse cheating mathematics,ham,ham
dear paytm customer paytm kyc expired contact customer care 6200992462 immediately account block within 24 hr thank paytm team,smishing,smishing
good friends care close friends understand true friends stay forever beyond words beyond time gud ni8,ham,ham
ree entry 2 weekly comp chance win ipod txt pod 80182 get entry std txt rate c apply 08452810073 details 18,spam,spam
enjoy ur life good night,ham,ham
mind blastin tsunamis occur rajnikant stopped swimming indian ocean,ham,ham
two letters copy cos one message speak soon,ham,ham
fancy shag interested sextextuk com txt xxuk suzy 69876 txts cost 1 50 per msg tncs website x,spam,spam
sorry delay yes masters,ham,ham
channel,ham,ham
k call ah,ham,ham
well great weekend,ham,ham
1 000 cash 2 000 prize claim call09050000327 c rstm sw7 3ss 150ppm,smishing,smishing
seems like weird timing night g want come smoke day shitstorm attributed always coming making everyone smoke,ham,ham
yo around friend mine lookin pick later tonight,ham,ham
walked moms right stagwood pass right winterstone left victors hill address lt gt,ham,ham
beautiful truth gravity read carefully heart feels light someone feels heavy someone leaves,ham,ham
friend got says upping order grams got lt gt get,ham,ham
yes possible dint try pls dont tell one k,ham,ham
44 7732584351 want new nokia 3510i colour phone deliveredtomorrow 300 free minutes mobile 100 free texts free camcorder reply call 08000930705,smishing,smishing
also didnt get na hi hi hi hi hi,ham,ham
hai ana tomarrow coming morning lt decimal gt ill sathy go rto office reply came home,ham,ham
lay man let know missed thought great day send bimbo ugo numbers ill appreciate safe,ham,ham
thanks love torch bold,ham,ham
dear got lt gt dollars hi hi,ham,ham
stop story told returned saying order,ham,ham
smith waste da wanna gayle,ham,ham
eastenders tv quiz flower dot compare violet e tulip f lily txt e f 84025 4 chance 2 win 100 cash wkent 150p16,spam,spam
mobile 11 months u r entitled update latest colour mobiles camera free call mobile update co free 08002986030,smishing,smishing
ok c,ham,ham
private 2004 account statement 07742676564 shows 786 unredeemed bonus points claim call 08719180249 identifier code 45239 expires,smishing,smishing
fine anytime best,ham,ham
meant calculation lt gt units lt gt school really expensive started practicing accent important decided 4years dental school nmde exam,ham,ham
available like right around hillsborough amp lt gt th,ham,ham
ripped get mobile content call 08717509990 poly true pix ringtones games six downloads 3,smishing,spam
plural noun research,ham,ham
convey regards best wishes,ham,ham
asked 3mobile 0870 chatlines inclu free mins india cust servs sed yes l8er got mega bill 3 dont giv shit bailiff due days 250 3 want 800,spam,ham
urgent trying contact u todays draw shows 800 prize guaranteed call 09050003091 land line claim c52 valid12hrs,smishing,smishing
wat r u,ham,ham
unless situation go gurl would appropriate,ham,ham
nice day today love dearly,ham,ham
maybe find something else instead,ham,ham
argh 3g spotty anyway thing remember research province sterling problem free places looked,ham,ham
arngd marriage u r walkin unfortuntly snake bites u bt love marriage dancing frnt snake amp sayin bite bite,ham,ham
message sent askin lt gt dollars shoul pay lt gt lt gt,ham,ham
waiting e car 4 mum lor u leh reach home already,ham,ham
still area restaurant ill try come back soon,ham,ham
plan staying night prolly back til late,ham,ham
get rid cockroach termite bedbug rats pest4best deals inpestcontrolservices chemical herbal odorlessdial n ask011 62222222,spam,ham
entered cabin pa said happy b day boss felt special askd 4 lunch,ham,ham
farm open,ham,ham
alert rbc royal bank suspended unlock account click,smishing,ham
think da wil,ham,ham
oh grand bit party mention cover charge probably first come first served,ham,ham
sorry man account dry would want could trade back half could buy shit credit card,ham,ham
yes dont care need bad princess,ham,ham
yo chad gymnastics class wanna take site says christians class full,ham,ham
u get message,ham,ham
donno scorable,ham,ham
good afternoon loverboy goes day luck come way think sweetie send love across sea make smile happy,ham,ham
mm way railway,ham,ham
eerie nokia tones 4u rply tone title 8007 eg tone dracula 8007 titles ghost addamsfa munsters exorcist twilight pobox36504w45wq 150p,spam,spam
ok congrats,ham,ham
lol boo hoping laugh,ham,ham
move morphine,ham,ham
sorry call later hv work,ham,ham
much eighth,ham,ham
luv u soo much u understand special u r 2 ring u 2morrow luv u xxx,ham,ham
private 2003 account statement 07815296484 shows 800 un redeemed points call 08718738001 identifier code 41782 expires 18 11 04,smishing,smishing
lolnice went fish water,ham,ham
u make fb list,ham,ham
really really broke oh amount small even lt gt,ham,ham
ok help ask working tmr,ham,ham
crucify c told earlier,ham,ham
dear customer order 42 84 euro approved didnt purchased anything believe unauthorized person accessed account please access link,smishing,smishing
k might come tonight class lets early,ham,ham
weeks savamob member offers accessible call 08709501522 details savamob pobox 139 la3 2wu 1 50 week savamob offers mobile,smishing,ham
guaranteed 1000 cash 2000 prize claim yr prize call customer service representative 08714712394 10am 7pm,smishing,smishing
log 4 wat sdryb8i,ham,ham
like love arrange,ham,ham
records indicate involved accident last 2 5 years entitled claim compensation reply claim info stop opt,smishing,smishing
haha dont angry take practice real thing,ham,ham
ur face test 1 2 3 4 5 6 7 8 9 lt gt select number tell ur face astrology waiting quick reply,ham,ham
double mins txts 4 6months free bluetooth orange available sony nokia motorola phones call mobileupd8 08000839402,spam,spam
ya ok vikky vl c witin lt gt mins il reply u,ham,ham
jus reached home go bathe first sis using net tell u finishes k,ham,ham
wat happened cruise thing,ham,ham
rounder required,ham,ham
freemsg feelin kinda lnly hope u like 2 keep company jst got cam moby wanna c pic txt reply date 82242 msg150p 2rcv hlp 08712317606 stop 82242,spam,ham
tkts euro2004 cup final 800 cash collect call 09058099801 b4190604 pobox 7876150ppm,smishing,smishing
come ur home,ham,ham
dont know supports ass srt thnk think ps3 play usb,ham,ham
please give us connection today lt decimal gt refund bill,ham,ham
free polyphonic ringtone text super 87131 get free poly tone week 16 sn pobox202 nr31 7zs subscription 450pw,spam,spam
meet top 35 us universities delhi india habitat centre lodhi road nov 8th 2 6 pm student admission entry free details contact 9911489000,spam,ham
evening v good somewhat event laden fill worry head ok throat wrecked see six,ham,ham
hanging brother family,ham,ham
freemsg hey buffy 25 love satisfy men home alone feeling randy reply 2 c pix qlynnbv help08700621170150p msg send stop stop txts,spam,spam
said matter mind saying matter,ham,ham
lol ouch wish stayed bit longer,ham,ham
yo way could pick something tonight,ham,ham
k u bored come home,ham,ham
hmm ill think ok forgiven,ham,ham
try making another butt,ham,ham
oh rite well im best mate pete went 4 week 2geva longer week,ham,ham
good sleep rhythm person establish rhythm body learn use want know,ham,ham
hi u want join sts later meeting five call u class,ham,ham
also remember beads come ever,ham,ham
aight still want get money,ham,ham
girls bba mba executive mba b sc bio tech b tech flexible timings govt recognized join bsaitm vikaspuri 9873000679 9650354070,spam,ham
money money aint thing sha,ham,ham
really dun bluff leh u sleep early nite,ham,ham
urgent ireland gov issued payment 350 residents part promise battle covid 19 tap apply,smishing,smishing
hi baby im sat bloody bus mo wont home 7 30 wanna somethin later call later ortxt back jess xx,ham,ham
din tell u jus 420,ham,ham
urgent 2nd attempt contact u 900 prize yesterday still awaiting collection claim call 09061702893 acl03530150pm,smishing,smishing
happy birthday may u find ur prince charming soon u stay happy,ham,ham
last chance claim ur 350 worth discount vouchers today text shop 85023 savamob offers mobile cs savamob pobox84 m263uz,smishing,smishing
usual iam fine happy amp well u,ham,ham
k k also fine complete course,ham,ham
wil lt gt minutes got space,ham,ham
final chance claim ur 150 worth discount vouchers today text yes 85023 savamob member offers mobile cs savamob pobox84 m263uz 3 00 subs 16,smishing,smishing
anyway think secure anything lemme know want drive south chill,ham,ham
hey rite u put 10 evey mnth,ham,ham
ok happen behave like,ham,ham
want new nokia 3510i colour phone delivered tomorrow 200 free minutes mobile free camcorder reply call 8000930705,smishing,smishing
k go sleep well take rest,ham,ham
gsoh good ladies u could b male gigolo 2 join uk fastest growing mens club reply oncall mjzgroup 08714342399 2stop reply stop msg 1 50rcvd,spam,spam
dont message offer,ham,ham
house maid murderer coz man murdered 26th january,ham,ham
let know contact settled room lets know ok,ham,ham
borrow ur bag ok,ham,ham
dear umma called,ham,ham
call,ham,smishing
picked receipt something earlier,ham,ham
da car park,ham,ham
aight get later,ham,ham
wat da model num ur phone,ham,ham
give us back id proof lt gt rs wont allow work come home within days,ham,ham
thanks yesterday sir wonderful hope enjoyed burial mojibiola,ham,ham
eatin later eatin wif frens lei going home first,ham,ham
sorry call later urgent work,ham,ham
great trip india bring light everyone project everyone lucky see smile bye abiola,ham,ham
u definitely need module e humanities dis sem izzit u wan 2 take modules 1st,ham,ham
sms auction brand new nokia 7250 4 auction today auction free 2 join take part txt nokia 86021,spam,spam
search 4 happiness 1 main sources unhappiness accept life way comes u find happiness every moment u live,ham,ham
understand loss gain work school,ham,ham
bus way calicut,ham,ham
26th july,ham,ham
need person give na,ham,ham
heard anything answering texts guessing flaked said jb fantastic,ham,ham
havent shopping lor juz arrive,ham,ham
come online today night,ham,ham
thought bout drink tap spile seven pub gas st broad st canal ok,ham,ham
u wan 2 haf lunch da canteen,ham,ham
good evening ttyl,ham,ham
know u u know send chat 86688 let find 150p msg rcvd,spam,ham
dear customer pyatm wallet booked hold amount please complete kyc contact customer care 7908807538,smishing,smishing
one day crab running sea shore waves came n cleared footprints crab crab asked frnd r u clearing beautiful footprints waves replied fox following ur footprints catch thats cleared frndsship never lets u dwn gud nyt,ham,ham
currently scotland,ham,ham
affidavit says lt gt e twiggs st division g courtroom lt gt lt time gt double check text tomorrow,ham,ham
free gift waiting collected simply call 08718738034,smishing,smishing
babe need advice,ham,ham
know wait check,ham,ham
u secret admirer reveal thinks u r special call 09065174042 opt reply reveal stop 1 50 per msg recd cust care 07821230901,smishing,smishing
mmm thats better got roast b better drinks 2 good indian,ham,ham
might want pull case plan spending much confidence derek taylor money management,ham,ham
thought king hill thing,ham,ham
miss call miss call khelate kintu opponenter miss call dhorte lage thats rule one great phone receiving quality wins,ham,ham
excellent spent lt gt years air force iraq afghanistan stable honest like traveling,ham,ham
happy babe woo hoo party dude,ham,ham
say slowly god love need,ham,ham
haha got fast lose weight thk muz go 4 month den got effect gee later go aust put bk e weight,ham,ham
make 3 4 sake x,ham,ham
wen get spiritual deep great,ham,ham
jade paul u txt u remember barmed want 2 talk 2 u txt,ham,spam
ur hmv quiz cash balance currently 500 maximize ur cash send hmv1 86688 150p msg,spam,spam
yup havent want go yoga call book,ham,ham
going lunch,ham,ham
hi babe thanks coming even though didnt go well wanted bed hope see soon love kisses xxx,ham,ham
thanks subscription ringtone uk mobile charged 5 month please confirm replying yes reply charged,spam,spam
thanks talk saturday dear cherish brother role model,ham,ham
hope feeling great pls fill abiola,ham,ham
well know z take care worries,ham,ham
huh 6 also cannot many mistakes,ham,ham
phony 350 award todays voda numbers ending xxxx selected receive 350 award match please call 08712300220 quoting claim code 3100 standard rates app,smishing,smishing
take phone callon friday assume year,ham,ham
regret inform nab card locked unlock please update security details,smishing,ham
hi home calicut,ham,ham
u gd lor go shopping got stuff u wan 2 watch infernal affairs come lar,ham,ham
claim 200 shopping spree call 08717895698 mobstorequiz10ppm,smishing,smishing
made day great day,ham,ham
dear customer pyatm wallet booked hold amount please complete kyc contact customer care 8536074310,smishing,smishing
oi ami parchi na kicchu kaaj korte iccha korche na phone ta tul na plz plz,ham,ham
goodmorning sleeping ga,ham,ham
dear ok,ham,ham
world suffers lot violence bad people silence good people gud night,ham,ham
u repeat e instructions wat e road name ur house,ham,ham
7 wonders world 7th 6th ur style 5th ur smile 4th ur personality 3rd ur nature 2nd ur sms 1st ur lovely friendship love u dear,ham,ham
sorry call later meeting,ham,ham
purity friendship two smiling reading forwarded message smiling seeing name gud evening stay blessed,ham,ham
stop knowing well,ham,ham
broke list reasons nobody town tell sarcastic faggy,ham,ham
sea lays rock rock envelope envelope paper paper 3 words guess,ham,ham
save money wedding lingerie choose superb selection national delivery brought weddingfriend,spam,ham
yup noe leh,ham,ham
ard 4 lor,ham,ham
message text missing sender name missing number missing sent date missing missing u lot thats everything missing sent via fullonsms com,ham,ham
well officially philosophical hole u wanna call home ready saved,ham,ham
like personal sized,ham,ham
dear v0daf0ne customer 5 00 000 winner guaranteed caller prize final attempt contact claim call 7044518857,smishing,smishing
promise getting soon text morning let know made ok,ham,ham
missing pray inshah allah,ham,ham
free unlimited hardcore porn direct 2 mobile txt porn 69200 get free access 24 hrs chrgd 50p per day txt stop 2exit msg free,spam,spam
erm woodland avenue somewhere get parish magazine telephone number,ham,ham
like made throw smoking friend car one time awesome,ham,ham
sms ac sptv new jersey devils detroit red wings play ice hockey correct incorrect end reply end sptv,spam,ham
call meet,ham,ham
liked new house,ham,ham
im done studyn library,ham,ham
may b approve panalam posts,ham,ham
ok wait u talk,ham,ham
pay first lar da stock comin,ham,ham
reply name address receive post weeks completely free accommodation various global locations ph 08700435505150p,smishing,ham
go walmart stay,ham,ham
hear loud scream lt gt minutes cause gyno shoving things belong,ham,ham
left already orchard,ham,ham
missed call cause yelling scrappy miss u wait u come home lonely today,ham,ham
k roommate also wants dubsack another friend may also want plan bringing extra tell know sure,ham,ham
wanna gym harri,ham,ham
yep derek house see sunday lt 3,ham,ham
samus shoulders yet,ham,ham
aight call close,ham,ham
ok noe u busy really bored msg u oso dunno wat colour choose 4 one,ham,ham
boltblue tones 150p reply poly mono eg poly3 1 cha cha slide 2 yeah 3 slow jamz 6 toxic 8 come stop 4 tones txt,spam,spam
thing apes u fight death keep something minute u let go thats,ham,ham
got called tool,ham,ham
stop calling everyone saying might cancer throat hurts talk answering everyones calls get one call babysitting monday,ham,ham
really need shit tomorrow know awake like 6,ham,ham
u still painting ur wall,ham,ham
apple id buxcx7gbvwwccod final notification apple 1d due expire today prevent confirming apple id apple inc,smishing,ham
planning come chennai,ham,ham
class holla later,ham,ham
lmao ok wont needing u hair anymore,ham,ham
said okay sorry,ham,ham
apple detected unauthorized sign cloud account message goes without reply apple forced suspend account please verify icloud device sending correct apple id password via text message,smishing,ham
single line big meaning miss anything 4 ur best life miss ur best life anything,ham,ham
goodo yes must speak friday egg potato ratio tortilla needed,ham,ham
went ur hon lab one,ham,ham
one days billion classes right,ham,ham
thank u,ham,ham
err cud going 8pm got way contact,ham,ham
nova medical centers conducts shoulder pain clinic mar 5th consult renowned shoulder specialists dr mahesh reddy dr jatty call 9686578312 9980295914,spam,ham
hi sexychat girls waiting text text great night chatting send stop stop service,spam,spam
many company tell language,ham,ham
sorry call later buzy,ham,ham
u come n search tat vid finishd,ham,ham
think thanks see tomo,ham,ham
gonna home soon want talk stuff anymore tonight k ileave topic,ham,ham
call 08707509020 20p per min ntt ltd po box 1327 croydon cr9 5wb 0870 national rate call,spam,smishing
got outta class gonna go gym,ham,ham
congratulations ore mo owo wa enjoy wish many happy moments fro wherever go,ham,ham
yup ok thanx,ham,ham
brother genius,ham,ham
willing live local text reply hear strt back 150p per msg netcollex ltdhelpdesk 02085076972 reply stop end,spam,spam
joy father john john name joy father mandan,ham,ham
spoke uncle john today strongly feels need sacrifice keep going call beg listen dont make promises make clear things easy need please let us work things long keep expecting help creativity stifled pls keep happy promises part,ham,ham
know lacking particular dramastorm details part worried,ham,ham
hold paytm amount sometime complete paytm kyc paytm office ph 7908807538,smishing,smishing
someone u know asked dating service 2 contact cant guess call 09058091854 revealed po box385 m6 6wu,smishing,smishing
get hep b immunisation nigeria,ham,ham
much blackberry bold2 nigeria,ham,ham
haha good hear officially paid market 8th,ham,ham
private 2003 account statement 07808247860 shows 800 un redeemed points call 08719899229 identifier code 40411 expires 06 11 04,smishing,smishing
dunno leh cant remember mayb lor wat time r meeting tmr,ham,ham
reason spoken year anyways great week best exam,ham,ham
yeah try scrounge something,ham,ham
lol real told dad cancer,ham,ham
ok fine,ham,ham
schedule next week town weekend,ham,ham
uploaded mine facebook,ham,ham
nationwide noticed debit card recently used 29 11 2016 15 04 43 apple online store 1267 00 gbp please urgently call fraud prevention 03303800231 int 443303800231 reply sms,smishing,smishing
sorry call later 30 mins,ham,ham
hey girl r u hope u r well del r bak long time c give call sum time lucyxx,ham,ham
toshiba portege m100 gd,ham,ham
hanks lotsly,ham,ham
derp worse dude always wants party dude files complaint three drug abusers lives,ham,ham
kallis dismissial 2nd test,ham,ham
money issue weigh thanks breathe easier make sure dont regret thanks,ham,ham
dad says hurry hell,ham,ham
finally ready fyi,ham,ham
valued customer pleased advise following recent review mob awarded 1500 bonus prize call 09066368470,smishing,smishing
yes please leave lt gt lt gt leave,ham,ham
urgent mobile number awarded inr 2 00 000 prize guaranteed call 7044518857 land line claim 3030 valid 12hrs,smishing,smishing
hot live fantasies call 08707509020 20p per min ntt ltd po box 1327 croydon cr9 5wb 0870 k,spam,spam
need 8th campus atm could pick hour two,ham,ham
chance might evaporated soon violated privacy stealing phone number employer paperwork cool please contact report supervisor,ham,ham
tomarrow want got court lt decimal gt come bus stand 9,ham,ham
told accenture confirm true,ham,ham
got lousy sleep kept waking every 2 hours see cat wanted come worry cold,ham,ham
shall ask one thing dont mistake,ham,ham
k evening da urgent,ham,ham
sms services inclusive text credits pls goto login 3qxj9 unsubscribe stop extra charge help 08702840625 comuk 220 cm2 9ae,spam,spam
hi got money da,ham,ham
hungry buy smth home,ham,ham
u go phone gonna die stay,ham,ham
plz tell ans bslvyl sent via fullonsms com,ham,ham
yes watching footie worried going blow phil neville,ham,ham
friends help us problems give stupid suggestion lands us another problem helps us forgt previous problem,ham,ham
prob send email,ham,ham
k k tomorrow onwards started ah,ham,ham
u drive lor,ham,ham
heard abt tat,ham,ham
sure make sure knows smokin yet,ham,ham
aight let know gonna around usf,ham,ham
still playing gautham,ham,ham
hav almost reached call unable connect u,ham,ham
umma say anything,ham,ham
alrite sam nic checkin ur number b,ham,ham
oh 4 outside players allowed play know,ham,ham
dear customer pay2tmkyc expired bl0cked within 24 hour please contact customer care ph 7679046492 immediately verify,smishing,smishing
dice art class 6 thru 9 thanks though idea time come tomorrow,ham,ham
text82228 get ringtones logos games questions info txt82228 co uk,spam,spam
k jason says gonna around around lt gt,ham,ham
babe goes day sip cappuccino think love send kiss across sea,ham,ham
even brother like speak treat like aids patent,ham,ham
freemsg fancy flirt reply date join uks fastest growing mobile dating service msgs rcvd 25p optout txt stop 83021 reply date,spam,spam
saying explicitly told nora know someone probably gonna bother,ham,ham
hand phone chat wit u,ham,ham
er yep sure props,ham,ham
got mail panren paru,ham,ham
thanx4 today cer nice 2 catch ave 2 find time often oh well take care c u soon c,ham,ham
u wake already wat u u picking us later rite taking sq825 reaching ard 7 smth 8 like dat u check e arrival time c ya soon,ham,ham
hi way u 2day normal way real ur unique hope know u 4 rest mylife hope u find wot lost,ham,ham
searching right words thank breather promise wont take help granted fulfil promise wonderful blessing times,ham,ham
message free welcome new improved sex dogging club unsubscribe service reply stop msgs 150p 18,spam,spam
help u swoop picking u wherever ur birds r meeting u want,ham,ham
gud mrng dear hav nice day,ham,ham
sorry flaked last night shit seriously goin roommate tonight,ham,ham
office da,ham,ham
sucks go u hair free right,ham,ham
xclusive clubsaisai 2morow 28 5 soiree speciale zouk nichols paris free roses 2 ladies info 07946746291 07880867867,smishing,ham
local covid19 study compensation 1 220 qualify 1200cash4study1 com,smishing,ham
great attracts brothas,ham,ham
cutest girl world,ham,ham
use foreign stamps whatever send,ham,ham
hope arnt pissed id would really like see tomorrow love xxxxxxxxxxxxxx,ham,ham
ok anyway need change said,ham,ham
sis lor juz watched italian job,ham,ham
mah b pick tomorrow,ham,ham
hey darlin pick u college u tell wen 2 mt love pete xx,ham,ham
enjoy jamster videosound gold club credits 2 new videosounds 2 logos musicnews get fun jamster co uk 16 help call 09701213186,spam,spam
rushing working school rush go hungry,ham,ham
r u still working,ham,ham
atm block dear customer due system upgrade atm card de activated activate call customer care help 07068796424,smishing,smishing
phone weirdest auto correct,ham,ham
wonder phone battery went dead tell love babe,ham,ham
u mean u almost done done wif sleeping tot u going take nap yup send liao picking ard 4 smth lor,ham,ham
ok bag,ham,ham
expect whenever text hope goes well tomo,ham,ham
u gonna get deus ex,ham,ham
short cute good person dont try prove good morning,ham,ham
orange customer may claim free camera phone upgrade loyalty call 0207 153 9996 offer ends 14thmarch c apply opt availa,smishing,smishing
free entry 2 wkly comp win fa cup final tkts 21st may 2005 text fa 87121 receive entry question std txt rate c apply 08452810075over18,spam,spam
done oredi,ham,ham
said went back bed sleep anything,ham,ham
u secret admirer looking 2 make contact u find r reveal thinks ur special call 09058094599,smishing,smishing
sms ac blind date 4u rodds1 21 aberdeen united kingdom check sms ac w icmb3cktz8r7 4 blind dates send hide,smishing,ham
wait msg lt gt min,ham,ham
ffffffffff alright way meet sooner,ham,ham
love brother time talk english grins say hey muhommad penny says hello across sea,ham,ham
significant dont worry,ham,ham
replying boye changed phone number,ham,ham
noe da car later c lar wearing shorts,ham,ham
near kalainar tv office thenampet,ham,ham
storming msg wen u lift phne u say hello u knw wt real meaning hello name girl yes u knw dat girl margaret hello girlfrnd f grahmbell invnted telphone g n g h,ham,ham
sms services inclusive text credits pls goto login unsubscribe stop extra charge help 08700469649 po box420 ip4 5we,spam,spam
hey happen de alright,ham,ham
specially selected receive 2000 pound award call 08712402050 lines close cost 10ppm 16 cs apply ag promo,smishing,smishing
aiyo u poor thing u dun wan 2 eat u bathe already,ham,ham
wat time u wan 2 meet later,ham,ham
id check like 1 bowls worth left,ham,ham
yep great loxahatchee xmas tree burning lt gt starts hour,ham,ham
sms auction brand new nokia 7250 4 auction today auction free 2 join take part txt nokia 86021 hg suite342 2lands row w1j6hl,spam,spam
free today haf 2 pick parents tonite,ham,ham
thinking lifting one,ham,ham
wishing great day moji told offer always speechless offer easily go great lengths behalf stunning exam next friday keep touch sorry,ham,ham
oh thkin goin yogasana 10 den nd go 3 den rush parco 4 nb okie lor u call ready,ham,ham
machan go gym tomorrow wil come late goodnight,ham,ham
hey booked 2 lessons sun liao,ham,ham
aight lemme know,ham,ham
oh icic k lor den meet day,ham,ham
january male sale hot gay chat cheaper call 08709222922 national rate 1 5p min cheap 7 8p min peak stop texts call 08712460324 10p min,spam,spam
run away frm u walk slowly amp kills u care enough stop,ham,ham
see film,ham,ham
subscribe weekly ringtone get 1st week free send subpoly 81618 3 per week stop sms 08718727870,spam,spam
bruv hope great break rewarding semester,ham,ham
excellent wish together right,ham,ham
dropped em omw back,ham,ham
sorry mates phone didnt write love kate,ham,ham
shame maybe cld meet hrs tomo,ham,ham
dear sir salam alaikkum pride pleasure meeting today tea shop pleased send contact number qatar rakhesh indian pls save number respectful regards,ham,ham
login dat time dad fetching home,ham,ham
friendship poem dear dear u r near hear dont get fear live cheer tear u r always dear gud ni8,ham,ham
working technical support voice process,ham,ham
oh god happy see message 3 days,ham,ham
yeah basically time next week get away mom amp get 3,ham,ham
4mths half price orange line rental latest camera phones 4 free phone 11mths call mobilesdirect free 08000938767 update or2stoptxt,spam,smishing
strange watching 2nd one bed sweet dreams miss u,ham,ham
lol mad first woke gave,ham,ham
jay told already,ham,ham
way home long dry spell season would,ham,ham
sorry da thangam mistake,ham,ham
time coming later,ham,ham
home,ham,ham
ok right later,ham,ham
aldrine rakhesh ex rtm pls call urgent,ham,ham
someone year lt gt toyota camry like mr olayiwola mileage lt gt k clean need know much sell raise dough soon landing sell holla back,ham,ham
heard job going wildlife talk tonight u want2come that2worzels wizzle whatever,ham,ham
lunch come quickly open door,ham,ham
today accept day u accept,ham,ham
take exam march 3,ham,ham
yup song bro creative neva test quality said check review online,ham,ham
pick drop car problem,ham,ham
wan go c doctor,ham,ham
left dessert u wan 2 go suntec look 4 u,ham,ham
oh send address,ham,ham
time u wrkin,ham,ham
hi engagement fixd lt gt th next month know really shocking bt hmm njan vilikkam ws al sudn,ham,ham
ya onion roast,ham,ham
yes really great bhaji told kallis best cricketer sachin world tough get,ham,ham
reat deals mobilestore get rs 100 mobile purchases rs 5000 rush offer valid till 21st feb show mcoupon rpd897348602131 c,spam,ham
cthen thk shd b enuff still got conclusion n contents pg n references b da contents pg n cover pg,ham,ham
eh u remember 2 spell name yes naughty met,ham,ham
welcome please reply age gender begin e g 24m,spam,ham
sorry sir call tomorrow senthil hsbc,ham,ham
creepy crazy,ham,ham
hi finally completed course,ham,ham
sorry,ham,ham
urgent 4 costa del sol holiday 5000 await collection call 09050090044 toclaim sae tc pobox334 stockport sk38xh cost 1 50 pm max10mins,smishing,smishing
hey forget mine possession property mmm childish smile,ham,ham
oh k k take test,ham,ham
true k u knw dis lt gt,ham,ham
really sorry b able 2 friday hope u find alternative hope yr term going ok,ham,ham
bognor splendid time year,ham,ham
nokia 7250i get win free auction take part send nokia 86021 hg suite342 2lands row w1jhl 16,smishing,spam
completed degree use joining finance,ham,ham
yeah think use gt atm register sure anyway help let know sure ready,ham,ham
yeah see,ham,ham
opinion 1 oversmart 2 selfish 3 naughy 4 lovable 5 silent 6 special 7 immature 8 stylish 9 simple pls reply,ham,ham
working eyes philosophy text u later bit free chat,ham,ham
,ham,ham
sorry call later ok bye,ham,ham
good good job like entrepreneurs,ham,ham
know serving mean,ham,ham
sorry going home first daddy come fetch later,ham,ham
check rooms befor activities required,ham,ham
sorry battery died come getting gram place,ham,ham
sorry knw,ham,ham
wat time wan today,ham,ham
send number give reply tomorrow morning said like ok,ham,ham
loa homeowners tenants welcome previously refused still help call free 0800 1956669 text back help,smishing,smishing
finished lunch already u wake already,ham,ham
wanna get laid 2nite want real dogging locations sent direct ur mobile join uk largest dogging network txt park 69696 nyt ec2a 3lp 1 50 msg,spam,spam
dhoni luck win big title win,ham,ham
ok days making dinner tonite invited,ham,ham
feel like dick keep sleeping texts facebook messages sup town,ham,ham
mobile number pls sms ur mail id convey regards achan amma rakhesh qatar,ham,ham
full heat pa applyed oil pa,ham,ham
4 costa del sol holiday 5000 await collection call 09050090044 toclaim sae tc pobox334 stockport sk38xh cost 1 50 pm max10mins,smishing,smishing
sounds like many talents would like go dinner date next week,ham,ham
bday real april,ham,ham
hello love goes day wish well fine babe hope find job prospects miss boytoy teasing kiss,ham,ham
waking 4 afternoon sup,ham,ham
fantasy football back tv go sky gamestar sky active play 250k dream team register sky opt 88088,spam,ham
except theres chick huge boobs,ham,ham
hv completed transaction aud 788 93 06 02 17 03 27 31 pm please follow link done,smishing,ham
change fb jaykwon thuglyfe falconerf,ham,ham
ok take care umma,ham,ham
ujhhhhhhh computer shipped address sandiago parantella lane wtf poop,ham,ham
rediscover deeper meaning life means attain true peace understand essence true sikh sms join gurubani 09219592195,spam,ham
sense foot penis,ham,ham
hmm bad news hype park plaza 700 studio taken left 2 bedrm 900,ham,ham
valued customer pleased advise following recent review mob awarded 1500 bonus prize call 09066364589,smishing,smishing
hi spoke maneesha v satisfied experience reply yes else,ham,ham
k text way,ham,ham
hear,ham,ham
important prevent dehydration giving enough fluids,ham,ham
double mins double txt 1 2 price call mobileupd8 latest offers 08000839402 call2optout lf56,spam,spam
christmas occasion celebrated reflection ur values desires affections amp traditions ideal christmas,ham,ham
play w computer aiyah tok 2 u lor,ham,ham
well right gonna get check today steam sales pee text want come get,ham,ham
think fixed send test message,ham,ham
famous quote develop ability listen anything unconditionally without losing temper self confidence means married,ham,ham
sounds good fingers makes difficult type,ham,ham
please complete registration process using service code 943 tid 020001951238,spam,ham
hui xin da lib,ham,ham
want new video phone750 anytime network mins 150 text five pounds per week call 08000776320 reply delivery tomorrow,smishing,smishing
reminder downloaded content already paid goto mymoby tv collect content,smishing,ham
quite know still get hold anyone cud pick bout 7 30pm see pub,ham,ham
good morning im suffering fever dysentry able come office today,ham,ham
hi baby im cruisin girl friend r u 2 give call hour home thats alright fone fone love jenny xxx,ham,ham
well,ham,ham
ok message u leave house,ham,ham
no1 nokia tone 4 ur mob every week txt nokia 8007 get txting tell ur mates pobox 36504 w45wq norm150p tone 16,spam,spam
hmmm thought said 2 hours slave 3 late punish,ham,ham
going buy mum present ar,ham,ham
cant pick phone right call u later,ham,ham
dude go sup,ham,ham
dear denying words please,ham,ham
really quite funny lor wat u shd haf run shorter distance wat,ham,ham
much ur hdd casing cost,ham,ham
send ur friends receive something ur voice speaking expression 1 childish 2 naughty 3 sentiment 4 rowdy 5 ful attitude 6 romantic 7 shy 8 attractive 9 funny lt gt irritating lt gt lovable reply,ham,ham
2 celebrate b day else,ham,ham
r home coming within 20 mins,ham,ham
ok sent u da latest version da project,ham,ham
hahaha use brain dear thats important,ham,ham
k sure relatives home sms de pls,ham,ham
best line said love wait till day forget u day u realize u cannot forget gn,ham,ham
current food alone also,ham,ham
tell drug dealer getting impatient,ham,ham
come tomorrow di,ham,ham
aight wat happening side,ham,ham
ok arm feeling weak cuz got shot go another time,ham,ham
hey iouri gave number wylie ryan friend,ham,ham
ever one foot,ham,ham
leave de start prepare next,ham,ham
dear paytm customer paytm kyc expired contact customer care 6299257179 immediately account block within 24 hr thank paytm team,smishing,smishing
late 3,ham,ham
hmm shall bring bottle wine keep us amused joking still bring bottle red white see tomorrow,ham,ham
right make appointment right,ham,ham
todays voda numbers ending 5226 selected receive 350 award hava match please call 08712300220 quoting claim code 1131 standard rates app,smishing,smishing
urgent 1 week free membership 100 000 prize jackpot txt word claim 81010 c lccltd pobox 4403ldnw1a7rw18,smishing,smishing
yes innocent fun,ham,ham
hello darling today would love chat dont tell look like sexy,spam,ham
joining today formally pls keep praying talk later,ham,ham
think could stop like hour roommate looking stock trip,ham,ham
call u finish come n pick u,ham,ham
dont know oh,ham,ham
u find time bus coz need sort stuff,ham,ham
reassuring crazy world,ham,ham
boy late 2 home father power frndship,ham,ham
urgent 2nd attempt contact u 900 prize yesterday still awaiting collection claim call 09061702894,smishing,smishing
urgent trying contact last weekends draw shows u 1000 prize guaranteed call 09064017295 claim code k52 valid 12hrs 150p pm,smishing,smishing
get cash together text jason,ham,ham
6 get ok,ham,ham
bmo noticed unusual activites online account required verify account details,smishing,ham
ok let noe later n ask call u tmr,ham,ham
good morning plz call sir,ham,ham
2 000 cash 5 000 prize claim call09050000337,smishing,smishing
kallis home ground amla home town durban,ham,ham
aiyo cos sms neva reply wait 4 reply lar tot havent finish ur lab wat,ham,ham
dont search love let love find u thats called falling love,ham,ham
one issues california okay snow manageable,ham,ham
nothing much chillin home super bowl plan,ham,ham
free video camera phones half price line rental 12 mths 500 cross ntwk mins 100 txts call mobileupd8 08001950382,spam,spam
hey happy birthday,ham,ham
please call customer service representative 8536074310 10am 9pm w0n guaranteed cash prize rs 10 00 000 fl1pkart team,smishing,smishing
u get 2 phone wanna chat 2 set meet call 09096102316 u cum 2moro luv jane xx calls 1 minmoremobsemspobox45po139wa,spam,ham
sounds gd haha wah u yan jiu fast liao,ham,ham
way office,ham,ham
taking half day leave bec well,ham,ham
wait know wesleys town bet hella drugs,ham,ham
yeah probably still gotta check leo,ham,ham
get official england poly ringtone colour flag yer mobile tonights game text tone flag 84199,spam,spam
u horrible gal u knew dat going wif yest n u still come n ask,ham,ham
g wants know,ham,ham
someone contacted dating service entered phone becausethey fancy find call landline 09058098002 pobox1 w14rg 150p,smishing,smishing
mean come chase stated watch many movies want,ham,ham
r u sure understand wine good idea slurp,ham,ham
honey pls find much sell predicte nigeria many times used important reply monday,ham,ham
convey regards best,ham,ham
yup msg tat yijue tot group mate cos meeting today mah askin leaving earlier wat mah cos mayb haf walk v far,ham,ham
turns friends staying whole show back til time feel free go ahead smoke worth worth,ham,ham
people see msgs think iam addicted msging wrong bcoz dont know iam addicted sweet friends,ham,ham
nt yet chikku simple habba hw abt u,ham,ham
random saw old roomate campus graduated,ham,ham
good evening sir hope nice day wanted bring notice late paying rent past months pay lt gt charge felt would inconsiderate nag something give great cost didnt speak however recession wont able pay charge month hence askin well ahead month end please help thank everything,ham,ham
nothing getting msgs dis name wit different,ham,ham
sun anti sleep medicine,ham,ham
hurry home soup done,ham,ham
life strict teacher bcoz teacher teaches lesson amp conducts exam life first conducts exam amp teaches lessons happy morning,ham,ham
free day finish 6 mon n thurs,ham,ham
ok waliking ard u wan 2 buy anything go ur house,ham,ham
hi cts employee,ham,ham
yes office da,ham,ham
please stay home encourage notion staying home tax paying citizens entitled 305 96 emergency refund smsg io fcvbd,smishing,ham
hopeing pissed remember gone sisters something,ham,ham
little difficult simple way enter place,ham,ham
feel nauseous pissed eat sweets week cause today planning pig dieting week hungry,ham,ham
winner specially selected receive 1000 cash 2000 award speak live operator claim call 087123002209am 7pm cost 10p,smishing,smishing
u missed u havent 2 much bit bored holiday want 2 go bak 2 college sad isnt xx,ham,ham
one registered subscribers u enter draw 4 100 g b gift voucher replying enter unsubscribe text stop,spam,spam
sorry never hear unless book one kinda joke thet really looking skinny white girls one line much camera something like casting look,ham,ham
think go honesty road call bank tomorrow tough decisions make us great people,ham,ham
probs hon u doinat mo,ham,ham
frnd juz word merely relationship silent promise says wherevr whenevr forevr gudnyt dear,ham,ham
home watching tv lor,ham,ham
could work reach consensus next meeting,ham,ham
plm come da way,ham,ham
well done luv ya,ham,ham
urgent 2nd attempt contact u u 1000call 09071512432 b4 300603t csbcm4235wc1n3xx callcost150ppmmobilesvary max 7 50,smishing,smishing
weird know one point,ham,ham
good afternoon love goes day woke early online waiting hmmm italian boy online see grins,ham,ham
aiyah ok wat long got improve already wat,ham,ham
guaranteed 200 award even 1000 cashto claim ur award call free 08000407165 18 2 stop getstop 88222 php rg21 4jx,smishing,smishing
cos want thing,ham,ham
fine difficulties phone works mine pls send another friend request,ham,ham
thinkin someone good drugs,ham,ham
parents kidz friends n colleagues screaming surprise,ham,ham
wot u wanna missy,ham,ham
mobile 10 mths update latest camera video phones free keep ur number get extra free mins texts text yes call,spam,spam
tell rob mack gf theater,ham,ham
watching cartoon listening music amp eve go temple amp church u,ham,ham
b late love mum,ham,ham
played smash bros lt gt religiously,ham,ham
englishvocabulary ululate mourn loudly shrilly ad unlimited free calls mobile try today share wid frnd,smishing,ham
yar tot u knew dis would happen long ago already,ham,ham
happen,ham,ham
say dying man feel sad go wanted know would probably gone late night,ham,ham
hi babe jordan r u im home abroad lonely text back u wanna chat xxsp visionsms com text stop stopcost 150p 08712400603,spam,ham
dai da send resume id,ham,ham
know need get hotel got invitation apologise cali sweet come english bloke weddin,ham,ham
dear voucher holder claim weeks offer pc please go ts cs apply,smishing,smishing
room need,ham,ham
love sushma love u lot,ham,ham
lag sad part keep touch thanks skype,ham,ham
seems unnecessarily hostile,ham,ham
ok part tomorrow,ham,ham
telling coulda real valentine u never pick nothing,ham,ham
know dad back,ham,ham
okie thanx,ham,ham
said would woke,ham,ham
think spatula hands,ham,ham
reach 9 telling dont know,ham,ham
ummma call check life begin qatar pls pray hard,ham,ham
guys,ham,ham
buying today need c meh,ham,ham
gud mrng dear hav nice day well stay blessed,ham,ham
urgent 1 week free membership 100 000 prize jackpot txt word claim 81010 c,smishing,smishing
cool like swimming pool jacuzzi house,ham,ham
want new video phone 750 anytime network mins half price line rental free text 3 months reply call 08000930705 free delivery,spam,smishing
u still havent got urself jacket ah,ham,ham
xy going 4 e lunch,ham,ham
sorry dude dont know forgot even dan reminded sorry hope guys fun,ham,ham
thk 50 shd ok said plus minus 10 leave line paragraphs,ham,ham
fact leave think addie goes back school tues wed,ham,ham
certainly puts things perspective something like happens,ham,ham
cool ta luv v tired 2 cause doin loads planning wk got social services inspection nursery take care spk sn x,ham,ham
sometimes heart remembrs someone much forgets someone soon bcoz heart like everyone liked ones remembered everytime bslvyl,ham,ham
yeah able text ready meet,ham,ham
ok thanx gd nite 2,ham,ham
playng 9 doors game gt racing phone lol,ham,ham
cashbin co uk get lots cash weekend dear welcome weekend got biggest best ever cash give away,spam,ham
send naughty pix,ham,ham
think might give miss teaching til twelve lecture two damn working thing,ham,ham
project pa come,ham,ham
1st wk free gr8 tones str8 2 u wk txt nokia 8007 classic nokia tones hit 8007 polys nokia 150p poly 200p 16,spam,spam
haha okay today weekend leh,ham,ham
let know kicks,ham,ham
increase chance winning,ham,ham
dear paytm customer paytm kyc suspended pay tm office ph 7679046492 paytm c block within 24hr thank,smishing,smishing
gal n boy walking park gal hold ur hand boy u think would run away gal jst wana c feels walking heaven prince gn,ham,ham
sorry call later meeting thing related trade please call arul lt gt,ham,ham
yo guess dropped,ham,ham
urgent 2nd attempt contact u u 1250 call 09071512433 b4 050703 csbcm4235wc1n3xx callcost 150ppm mobilesvary max 7 50,smishing,smishing
none nowhere ikno doesdiscount shitinnit,ham,ham
thats cool gentleman treat dignity respect,ham,ham
u got persons story well,ham,ham
yes obviously eggs pert potato head speak soon,ham,ham
last chance claim ur 150 worth discount vouchers today text shop 85023,smishing,ham
funeral home audrey dad,ham,ham
nice day impressively sensible went home early feel fine boring remember,ham,ham
please send aunty number,ham,ham
know thing wrong everyso often panicks starts goin bout bein good enough,ham,ham
escape theatre going watch kavalan minutes,ham,ham
oh k think wi nz players unsold,ham,ham
necessarily respectful,ham,ham
want funk ur fone weekly new tone reply tones2u 2 text original n best,spam,spam
bankofamerica alert 137943 please follow activate,smishing,ham
wet right,ham,ham
sure get acknowledgement astoundingly tactless generally faggy demand blood oath fo,ham,ham
lol alright thinkin haha,ham,ham
lovely night wake see message hope smile knowing great morning,ham,ham
today iz yellow rose day u love frndship give 1 misscall amp send ur frndz amp see many miss calls u get u get 6missed u marry ur lover,ham,ham
87077 kick new season 2wks free goals news ur mobile txt ur club name 87077 eg villa 87077,spam,spam
better made friday stuffed like pig yesterday feel bleh least writhing pain kind bleh,ham,ham
mobile customer may claim free camera phone upgrade pay go sim card loyalty call 0845 021 3680 offer ends 28thfeb c apply,smishing,smishing
get rid cockroach termite bedbug rats pest 4best deals pestcontrolservices chemical herbal odorless dial n ask 080 62222222,spam,ham
u lunch alone bored,ham,ham
ok set let u noe e details later,ham,ham
tirupur da started office call,ham,ham
hello going village pub 8 either come accordingly ok,ham,ham
didnt get anything da,ham,ham
meanwhile shit suite xavier decided give us lt gt seconds warning samantha coming playing jay guitar impress shit also think doug realizes live anymore,ham,ham
cos lar ba dao ok 1 pm lor u never ask go ah said u would ask fri said u ask today,ham,ham
valentines day special win 1000 quiz take partner trip lifetime send go 83600 150p msg rcvd custcare 08718720201,spam,spam
500 new mobiles 2004 must go txt nokia 89545 collect today 1 2optout 087187262701 50gbp mtmsg18,smishing,spam
loan purpose 500 75 000 homeowners tenants welcome previously refused still help call free 0800 1956669 text back help,smishing,smishing
dunno da next show aft 6 850 toa payoh got 650,ham,ham
mum going robinson already,ham,ham
sleeping nt feeling well,ham,ham
plans family set stone,ham,ham
babe lost try rebooting,ham,ham
wat time u finish ur lect today,ham,ham
todays voda numbers ending 1225 selected receive 50award match please call 08712300220 quoting claim code 3100 standard rates app,smishing,smishing
aight pick open tonight,ham,ham
exact intentions,ham,ham
10 min later k,ham,ham
hmm yeah grooved im looking forward pound special,ham,ham
idea soon get converted live,ham,ham
hi darlin youphone im athome youwanna chat,ham,ham
yeah right bring tape measure fri,ham,ham
nt goin got somethin unless meetin 4 dinner lor haha wonder go tis time,ham,ham
thx well months,ham,ham
nice new shirts thing wear nudist themed mu,ham,ham
mmmmm loved waking words morning miss love hope day goes well happy wait us together,ham,ham
xy ur car u picking,ham,ham
look back building coat want get sick hurry home wear coat gym,ham,ham
still game,ham,ham
ripped get mobile content call 08717509990 poly true pix ringtones games six downloads 3,spam,spam
u sending home first ok lor ready yet,ham,ham
ya referin mei ex wat ah waitin 4 u treat somebody shld b rich liao gd den u dun work frm tmr onwards,ham,ham
beautiful tomorrow never comes comes already today hunt beautiful tomorrow waste wonderful today goodmorning,ham,ham
true passable get high score apply phd get 5years salary makes life easier,ham,ham
owe last tax year please follow secure link information,smishing,ham
nervous lt gt,ham,ham
discount code rp176781 stop messages reply stop customer services 08717205546,smishing,smishing
wont b 2 15 trying 2 sort house ok,ham,ham
wont touch permission,ham,ham
ha ha cool cool chikku chikku db,ham,ham
apart one told yesterday,ham,ham
lul im gettin juicy gossip hospital two nurses talking fat gettin one thinks shes obese oyea,ham,ham
hi ya babe x u 4goten bout scammers getting smart though regular vodafone respond get prem rate msg subscription nos used also beware,spam,ham
atm block dear customer due system upgrade atm card de activated activate call customer care help 6200992462,smishing,smishing
esplanade lor else,ham,ham
yeah fact asked needed anything like hour ago much,ham,ham
review keep fantastic nokia n gage game deck club nokia go 2 unsubscribe alerts reply word,spam,spam
hai dear friends new amp present number rajitha raj ranju,ham,ham
aight text address,ham,ham
probably lt gt,ham,ham
free 1st week entry 2 textpod 4 chance 2 win 40gb ipod 250 cash every wk txt vpod 81303 ts cs custcare 08712405020,smishing,spam
collecting ur laptop going configure da settings izzit,ham,ham
4 chance 2 win 40gb ipod 250 cash every wk txt pod 84128 ts cs custcare 08712405020,spam,spam
think sent text home phone cant display texts still want send number,ham,ham
ok stay night xavier sleeping bag getting tired,ham,ham
6171 rmo 00 aeon rs 4399 charged card num 97 lazo klia2 19 10 2016 call 0327884425 perform txn code356931,smishing,ham
good day pray remove teeth painful maintaining stuff,ham,ham
good wondering wont say hi smiling coping long distance,ham,ham
u know real friendship,ham,ham
oor step service passport assistance pan card income tax return vat return service tax return contact ons 9650669988 jwala heri mkt paschim viha,spam,ham
thk wat eat tonight,ham,ham
ha say read anything way u seemed like 2 judgemental save fridays pub,ham,ham
dont talk ever ok word,ham,ham
okie scared u say fat u dun wan already,ham,ham
also chat awesome make regular unless see person,ham,ham
yo dude guess got arrested day,ham,ham
wat time liao still got,ham,ham
lyricalladie 21 f inviting friend reply yes 910 910 see stop send stop frnd 62468,spam,spam
superb thought grateful u dont everything u want means u still opportunity happier tomorrow u today,ham,ham
dear voucher holder 2 claim 1st class airport lounge passes using holiday voucher call 08704439680 booking quote 1st class x 2,smishing,ham
hey r watching movie tonight prob b home early,ham,ham
sir 8 hr trip bus last week another audition next wednesday think might drive time,ham,ham
free ringtone waiting collected simply text password mix 85069 verify get usher britney,spam,ham
enjoy watching playing football basketball anything outdoors,ham,ham
pandy joined 4w technologies today got job,ham,ham
took hooch walk toaday fell splat grazed knees everything stayed home see tomorrow,ham,ham
spook mob halloween collection logo pic message plus free eerie tone txt card spook 8007 zed 08701417012150p per logo pic,spam,spam
hi elaine today meeting confirmed,ham,ham
fuuuuck need stop sleepin sup,ham,ham
get gandhipuram walk cross cut road right side lt gt street road turn first right,ham,ham
ello babe u ok,ham,ham
hi missed call mumhas beendropping red wine theplace adress,ham,ham
think rule tamilnadu tough people,ham,ham
hope settled new school great day,ham,ham
hurt tease make cry end life die plz keep one rose grave say miss u,ham,ham
hen night going swing,ham,ham
cool come like lt gt ish,ham,ham
aight see bit,ham,ham
theoretically yeah could able come,ham,ham
call say coming today ok tell fool like ok,ham,ham
ok many buy,ham,ham
huh slow tot u reach long ago liao u 2 days 4 leh,ham,ham
think one saying clearly ok leave need ask go come,ham,ham
nowadays people notixiquating laxinorficated opportunity bambling entropication ever oblisingately opted ur books masteriastering amplikater fidalfication champlaxigating think atrocious wotz ur opinion junna,ham,ham
yes fine love safe,ham,ham
going 4 lunch wif family aft dat go str 2 orchard lor,ham,ham
send someone else,ham,ham
pathaya enketa maraikara pa,ham,ham
also sir sent email log usc payment portal send another message explain things back home great weekend,ham,ham
u today,ham,ham
please attend phone,ham,ham
still havent collected dough pls let know go place sent get control number,ham,ham
hmmm mayb try e shoppin area one forgot e name hotel,ham,ham
tell friend come round til like lt gt ish,ham,ham
urgent call 09061749602 landline complimentary 4 tenerife holiday 10 000 cash await collection sae cs box 528 hp20 1yf 150ppm 18,smishing,smishing
show wot say could u c 4 dust,ham,ham
almost see u sec,ham,ham
good afternoon sunshine dawns day refreshed happy alive breathe air smile think love always,ham,ham
r meeting,ham,ham
thanks looking really appreciate,ham,ham
guys planning coming,ham,ham
x course 2yrs messages messenger lik r sending,ham,ham
todays vodafone numbers ending 0089 last four digits selected received 350 award number matches please call 09063442151 claim 350 award,smishing,smishing
tot u reach liao said shirt,ham,ham
like jerk,ham,ham
one interested may business plan,ham,ham
like tell deepest darkest fantasies call 09094646631 60p min stop texts call 08712460324 nat rate,spam,ham
love hope anything drastic dare sell pc phone,ham,ham
guy browsin compulsory,ham,ham
exhausted train morning much wine pie sleep well,ham,ham
way school pls send ashley number,ham,ham
later guess needa mcat study,ham,ham
free entry gr8prizes wkly comp 4 chance win latest nokia 8800 psp 250 cash every wk txt great 80878 08715705022,smishing,spam
ok thats cool either raglan rd edward rd behind cricket ground gimme ring ur closeby see tuesday,ham,ham
pick,ham,ham
means got epi fine,ham,ham
outstanding tax refund 578 44g8p tax year 15 16 please fill following form process refund,smishing,ham
good morning dear great day enjoy,ham,ham
fine remember,ham,ham
78 mca conform,ham,ham
ur paper e morn aft tmr,ham,ham
yes da plm ur office,ham,ham
went attend another two rounds today still reach home,ham,ham
u want xmas 100 free text messages new video phone half price line rental call free 0800 0721072 find,smishing,smishing
room number wanna make sure knocking right door,ham,ham
like shaking booty dance floor,ham,ham
time ur flight tmr,ham,ham
place get rooms cheap,ham,ham
tried contact reply offer 750 mins 150 textand new video phone call 08002988890 reply free delivery tomorrow,smishing,smishing
yo call get chance friend mine wanted ask big order,ham,ham
thanks vote sing along stars karaoke mobile free link reply sing,spam,ham
know result,ham,ham
feel mr real valentine yo valentine even tho u hardly play,ham,ham
yeah whatever lol,ham,ham
gonna ring weekend wot,ham,ham
u win 100 music gift vouchers every week starting txt word draw 87066 tscs skillgame 1winaweek age16 150ppermesssubscription,spam,spam
gonna worry nothing give money use,ham,ham
change windows logoff sound,ham,ham
oh k k big hitter anyway good,ham,ham
anything lor juz us lor,ham,ham
think actually talk call boss morning went place last year told could go get car fixed cheaper kept telling today much hoped would come back always regretted getting number etc,ham,ham
many people seems special first sight remain special till last sight maintain till life ends virat,ham,ham
havent planning buy later check already lido got 530 show e afternoon u finish work already,ham,ham
mobile 11mths entitled update latest colour camera mobile free call mobile update co free 08002986906,smishing,smishing
sleeping surfing enjoying free time,ham,ham
watch lor saw swatch one thk quite ok ard 116 need 2nd opinion leh,ham,ham
wow never realized embarassed accomodations thought liked since best could always seemed happy cave sorry give sorry offered sorry room embarassing,ham,ham
langport sorry probably bed 9pm sucks ill xmas go2sri lanka,ham,ham
let know details fri u find cos tom fri mentionned chinese thanks,ham,ham
ok april cant wait,ham,ham
tough,ham,ham
part initiate understand,ham,ham
good luck draw takes place 28th feb 06 good luck removal send stop 87239 customer services 08708034412,smishing,ham
32 5 common car better buy china asia find less expensive holla,ham,ham
sorry trouble u buy 4d dad 1405 1680 1843 2 big 1 small sat n sun thanx,ham,ham
nah help never iphone,ham,ham
make life stressfull always find time laugh may add years life surely adds life ur years gud ni8 swt dreams,ham,ham
sorry able get see morning,ham,ham
oh ic thought meant mary jane,ham,ham
yes posted couple pics fb still snow outside waking,ham,ham
know people hit hit yes,ham,ham
ok beautiful,ham,ham
urgent please call 09061213237 landline 5000 cash 4 holiday await collection cs sae po box 177 m227xy 16,smishing,smishing
ur paper,ham,ham
bring tat cd forget,ham,ham
hi darlin work u get trouble ijust talked mum morning really good time last night im goin soon call u,ham,ham
said right giggle saw u would possibly first person2die nvq think much could,ham,ham
dunno lei thk mum lazy go neva ask yet,ham,ham
hey u fancy meetin 4 cha hav lil beverage txt ring meet l8r quite tired got 3 v pist love pete x x x,ham,ham
urgent trying contact u todays draw shows 800 prize guaranteed call 09050001809 land line claim m95 valid12hrs,smishing,smishing
sorry earlier putting fires around talk 9 actually life lol,ham,ham
movie collect car oredi,ham,ham
yet chikku going room nw bus,ham,ham
dear paytm customer paytm kyc suspended pay tm office ph 7908807538 paytm c block within 24hr thank,smishing,smishing
would really appreciate call need someone talk,ham,ham
usf guess might well take 1 car,ham,ham
free message thanks using auction subscription service 18 150p msgrcvd 2 skip auction txt 2 unsubscribe txt stop customercare 08718726270,smishing,spam
good stuff,ham,ham
mobile office mms settings successfully delivered phone access airtel live long pressing 0 key nokia phones launch internet browser select airtel live goto pay activation rental browsing charges airtel live pay download content send mms,spam,ham
plan sanction per mpd2021 x tra floor x tra area dda mcd dsidc huda gurgaon faridabad noida hi tech architects 9212012222 65657777 hi tech com,spam,ham
well little time thing good times ahead,ham,ham
literally bed like lt gt hours,ham,ham
k need login anything,ham,ham
tick tick tick babe,ham,ham
auntie huai juan never pick phone,ham,ham
cute thought friendship necessary share every secret ur close frnd watever u shared true,ham,ham
go 4 e normal pilates intro,ham,ham
hows street end library walk,ham,ham
want new video handset 750 time network mins unlimited text camcorder reply call 08000930705 del sat,smishing,smishing
valued customer pleased advise following recent review mob awarded 2000 bonus prize call 09066364529,smishing,smishing
ages abj,ham,ham
dude saw parked car sunroof popped sux,ham,ham
urgent call 09066612661 landline complementary 4 tenerife holiday 10 000 cash await collection sae cs po box 3 wa14 2px 150ppm 18 sender hol offer,smishing,smishing
gr8 poly tones 4 mobs direct 2u rply poly title 8007 eg poly breathe1 titles crazyin sleepingwith finest ymca getzed co uk pobox365o4w45wq 300p,spam,spam
sorry came ur place later,ham,ham
hi darlin finish 3 u 1 2 pick meet text back number luv kate xxx,ham,ham
plans yet,ham,ham
fyi gonna call sporadically starting like lt gt bc doin shit,ham,ham
u lost ill always b 4u intend 2 hurt u never knew u felt iwas marine itried2tell urmom careabout u,ham,ham
good swimsuit allowed,ham,ham
babe goes day miss already love loving kiss hope everything goes well,ham,ham
might accidant tookplace somewhere ghodbandar rd traffic moves slovely plz slip amp worry,ham,ham
whenever see still hook,ham,ham
mum repent,ham,ham
left yet probably gonna til dinner,ham,ham
dear voucher holder next meal us use following link pc 2 enjoy 2 4 1 dining experience,smishing,ham
yo carlos friends already asking working weekend,ham,ham
actually whatever find excuse tampa point january though,ham,ham
dun wan watch infernal affair,ham,ham
imagine life without see fast u searching worry l always disturb u goodnoon,ham,ham
number,ham,ham
please call amanda regard renewing upgrading current mobile handset free charge offer ends today tel 0845 021 3680 subject c,smishing,ham
sorry vikky watching olave mandara movie kano trishul theatre wit frnds,ham,ham
summers finally fancy chat flirt sexy singles yr area get matched reply summer free 2 join optout txt stop help08714742804,spam,spam
huh cant go 2 ur house empty handed right,ham,ham
alright omw gotta change order half8th,ham,ham
sir waiting mail,ham,ham
dont forget place many free requests 1stchoice co uk wish information call 08707808226,smishing,ham
see christmassy,ham,ham
guess useless calling u 4 something important,ham,ham
meeting darren,ham,ham
todays voda numbers ending 7634 selected receive 350 reward match please call 08712300220 quoting claim code 7684 standard rates apply,smishing,smishing
yup ok,ham,ham
k happen tonight,ham,ham
3 free tarot texts find love life try 3 free text chance 85555 16 3 free msgs 1 50,spam,spam
ya srsly better yi tho,ham,ham
hurry home u big butt hang last caller u food done starving ask cooked,ham,ham
fine give call knows wants questions,ham,ham
u talking,ham,ham
printed oh lt gt come upstairs,ham,ham
hi chachi tried calling u unable reach u pl give missed cal u c tiz msg kanagu,ham,ham
want come online,ham,ham
chosen receive 350 award pls call claim number 09066364311 collect award selected receive valued mobile customer,smishing,smishing
k must book huh going yoga basic sunday,ham,ham
get tomorrow send,ham,ham
wake lt gt morning,ham,ham
tomarrow final hearing laptop case cant,ham,ham
texted finished long time ago showered er ything,ham,ham
well going aunty,ham,ham
cause freaky lol,ham,ham
private 2003 account statement 07808 xxxxxx shows 800 un redeemed points call 08719899217 identifier code 41685 expires 07 11 04,smishing,smishing
u 100 gift vouchers week starting call 08718738034,smishing,ham
cant pick phone right pls send message anything urgent,ham,ham
email alertfrom jeri stewartsize 2kbsubject low cost prescripiton drvgsto listen email call 123,spam,ham
tried contact reply offer video handset 750 anytime networks mi reply call 08000930705,smishing,smishing
okie good news,ham,ham
around still asleep v,ham,ham
k fyi back parents place south tampa might need deal somewhere else,ham,ham
oh k placement ah,ham,ham
ugh u apologize admit u wrong ask take u back,ham,ham
check wid corect speling e sarcasm,ham,ham
reply win 100 weekly professional sport tiger woods play send stop 87239 end service,spam,spam
call 08707509020 20p per min ntt ltd po box 1327 croydon cr9 5wb 0870 k,spam,ham
double mins 1000 txts orange tariffs latest motorola sonyericsson nokia bluetooth free call mobileupd8 08000839402 call2optout hf8,spam,spam
released vday shirts u put makes bottom half naked instead white underwear,ham,ham
take exam march 3,ham,ham
welcome select o2 service added benefits call specially trained advisors free mobile dialling 402,spam,smishing
fine good hear dear happy new year oh,ham,ham
mon okie lor haha best cheap n gd food la ex oso okie depends whether wana eat western chinese food den u prefer,ham,ham
already got flaky parent snot supposed child job support parent ride age anyway supposed support hurt unintentional hurt nonetheless,ham,ham
otherwise part time job tuition difficult,ham,ham
b4 thursday,ham,ham
quite ok bit ex u better go eat smth else feel guilty,ham,ham
know grumpy old people mom like better lying always one play jokes,ham,ham
nothing meant money enters account bank remove flat rate someone transfered lt gt account lt gt dollars got removed banks differ charges also differ sure trust 9ja person sending account details cos,ham,ham
actual exam harder nbme,ham,ham
possible,ham,ham
right think,ham,ham
lol oh got friend dog,ham,ham
done,ham,ham
hate turns fun day annoying day quarrels,ham,ham
widelive com index wml id 820554ad0a1705572711 first true c c ringtone,smishing,ham
time think need know near campus,ham,ham
ok din get ur msg,ham,ham
got like lt gt get later though get whatever feel like,ham,ham
diet ate 1 many slices pizza yesterday ugh always diet,ham,ham
symptoms u love 1 u like listening songs 2 u get stopped u see name beloved 3 u get angry,ham,ham
swt thought nver get tired little things 4 lovable persons coz somtimes little things occupy biggest part hearts gud ni8,ham,ham
win winner mr tilo ipod exciting prizes soon keep eye ur mobile visit,smishing,ham
omg want scream weighed lost weight woohoo,ham,ham
hey gals anyone u going e driving centre tmr,ham,ham
natalie 20 f inviting friend reply yes 165 165 see,smishing,ham
2nd time tried contact u u 400 prize 2 claim easy call 087104711148 10p per minute bt national rate,smishing,smishing
k wait chikku il send aftr lt gt mins,ham,ham
2 oz guy kinda flaky one friend interested picking lt gt worth tonight possible,ham,ham
dont let studying stress l8r,ham,ham
ok great thanx lot,ham,ham
wow love sooo much know barely stand wonder day goes well love think miss,ham,ham
good morning plz call sir want talk u something urgent,ham,ham
sorry da thought calling lot times lil busy call noon,ham,ham
dont think need yellow card uk travel ask someone gone lt gt bucks,ham,ham
hi chikku send nice msgs,ham,ham
take small dose tablet fever,ham,ham
jan fast approaching wish u happy new year happy sankranti happy republic day happy valentines day happy shivratri happy ugadi happy fools day happy may day happy independence day happy friendship mother father teachers childrens day amp happy birthday 4 u happy ganesh festival happy dasara happy diwali happy christmas lt gt good mornings afternoons evenings nights rememberi first wishing u raj,ham,ham
rude campus,ham,ham
hey u still gym,ham,ham
know watching film computer,ham,ham
happy new year dear brother really miss got number decided send text wishing happiness abiola,ham,ham
hey really want chat text hot 69698 text charged 150pm unsubscribe text stop 69698,spam,spam
thinking u x,ham,ham
hello little party animal thought buzz friends grins reminding loved send naughty adoring kiss,ham,ham
yup thk cine better cos need 2 go 2 plaza mah,ham,ham
aathi dear waiting u,ham,ham
todays vodafone numbers ending 4882 selected receive 350 award number matches call 09064019014 receive 350 award,smishing,smishing
otherwise part time job na tuition,ham,ham
happen tell truth,ham,ham
dorothy kiefer com bank granite issues strong buy explosive pick members 300 nasdaq symbol cdgt 5 00 per,spam,ham
sorry joined league people dont keep touch mean great deal friend times even great personal cost great week,ham,ham
cant wait see photos useful,ham,ham
daddy take good care,ham,ham
new tones week include 1 mcfly ab 2 sara jorge shock 3 smith switch order follow instructions next message,spam,spam
nah wednesday bring mini cheetos bag,ham,ham
ok lar u sleep early nite,ham,ham
cant keep talking people sure pay agree price pls tell want really buy much willing pay,ham,ham
ur mobile number 2crores 35lakh rupees chevrolet motors award 2015 claim send name phone number address age email chevmotorlondon hotmail com,smishing,smishing
ya knw u vl giv ok thanks kano anyway enjoy wit ur family wit 1st salary,ham,ham
book lesson msg call work sth going get specs membership px3748,ham,ham
takes away money worries,ham,ham
santa calling would little ones like call santa xmas eve call 09058094583 book time,spam,ham
yeah imma come cause jay wants drugs,ham,ham
chance win free bluetooth headset simply reply back adp,spam,spam
k k much cost,ham,ham
coming day class,ham,ham
met stranger choose friend long world stands friendship never ends lets friends forever gud nitz,ham,ham
thank princess want see nice juicy booty,ham,ham
nothing u dinner w us,ham,ham
tiwary rcb battle bang kochi,ham,ham
hiya stu wot u 2 im much truble home moment evone hates even u wot hell av done wont u tell text bck please luv dan,ham,ham
check mail mailed varma kept copy regarding membership take care insha allah,ham,ham
got fujitsu ibm hp toshiba got lot model say,ham,ham
sac needs carry,ham,ham
ran younger man make pretty babies together,ham,ham
opinion 1 2 jada 3 kusruthi 4 lovable 5 silent 6 spl character 7 matured 8 stylish 9 simple,ham,ham
haf enuff space got like 4 mb,ham,ham
garage keys bookshelf,ham,ham
detroit home snow enjoy,ham,ham
huh hyde park mel ah opps got confused anyway tt e best choice den juz take,ham,ham
sun cant come earth send luv rays cloud cant come river send luv rain cant come meet u send care msg u gud evng,ham,ham
uncle timi help clearing cars,ham,ham
u secret admirer reveal thinks u r special call 09065174042 opt reply reveal stop 1 50 per msg recd cust care 07821230901,smishing,smishing
ok gonna head usf like fifteen minutes,ham,ham
shit surprised went spent evening french guy met town fooled around bit,ham,ham
cud u tell ppl im gona b bit l8 cos 2 buses hav gon past cos full im still waitin 4 1 pete x,ham,ham
come aftr lt decimal gt cleaning house,ham,ham
aah cuddle would lush need lots tea soup kind fumbling,ham,ham
bloomberg message center 447797706008 wait apply future bloomberg com,spam,ham
forget owns private property good boy always passionate kiss,ham,ham
sister belongs 2 family hope tomorrow pray 4 fated 4 shoranur train incident lets hold hands together amp fuelled love amp concern prior 2 grief amp pain pls join dis chain amp pass stop violence women,ham,ham
cos shopping wif darren jus n called 2 ask wat present wan lor started guessing wif n finally guessed darren lor,ham,ham
u switch fone dammit,ham,ham
er mw im filled tuth aight,ham,ham
gonna home soon want talk stuff anymore tonight k cried enough today,ham,ham
good morning plz call sir urgent work,ham,ham
pocked,ham,ham
new mobiles 2004 must go txt nokia 89545 collect today 1 2optout 087187262701 50gbp mtmsg18 txtauction,spam,spam
unni thank dear recharge rakhesh,ham,ham
ahhh work vaguely remember feel like lol,ham,ham
yes reg ciao,ham,ham
free message thanks using auction subscription service 18 150p msgrcvd 2 skip auction txt 2 unsubscribe txt stop customercare 08718726270,spam,spam
83039 62735 450 uk break accommodationvouchers terms conditions apply 2 claim mustprovide claim number 15541,smishing,smishing
got gas money chance gang want go grand nature adventure,ham,ham
wen u miss someone person definitely special u person special miss keep touch gdeve,ham,ham
awesome question cute answer someone asked boy ur life smiled amp answered fine gudnite,ham,ham
finished work yet,ham,ham
sorry im stil last nite went tobed 430 got 4 work 630,ham,ham
sports fans get latest sports news str 2 ur mobile 1 wk free plus free tone txt sport 8007 0870141701216 norm 4txt 120p,spam,spam
love,ham,ham
last chance 2 claim ur 150 worth discount vouchers text yes 85023 savamob member offers mobile cs 08717898035 3 00 sub 16 remove txt x stop,smishing,smishing
got new job bar airport satsgettin 4 47per hour means lie keep touch,ham,ham
weekend fine excuse much decorating,ham,ham
please call customer service representative freephone 0808 145 4744 9am 11pm guaranteed 3000 cash 7000 prize,smishing,smishing
time coming,ham,ham
joined today,ham,ham
waiting e car dat bored wat cos wait outside got nothing 2 home stuff watch tv wat,ham,ham
4 let go bill millers,ham,ham
hmv bonus special 500 pounds genuine hmv vouchers answer 4 easy questions play send hmv 86688 info,spam,spam
walked hour 2 c u show care wont u believe im serious,ham,ham
ok im sure time finish tomorrow wanna spend evening cos would vewy vewy lubly love xxx,ham,ham
k leaving soon little 9,ham,ham
keep going never intention run choose rather keep room clean say visitors maybe best choice yes wanted embarassed maybe feel feel friend wants drop buy say happened morning tried everything know else,ham,ham
dear voucher holder next meal us use following link pc 2 enjoy 2 4 1 dining experience,spam,ham
cheers card time year already,ham,ham
nope since ayo travelled forgotten guy,ham,ham
happy skype take pictures sleep want go mind want,ham,ham
2 docs appointments next week tired shoving stuff ugh normal body,ham,ham
huh fast dat means u havent finished painting,ham,ham
heard u4 call 4 rude chat private line 01223585334 cum wan 2c pics gettin shagged text pix 8552,smishing,ham
wait 4 bus stop aft ur lect lar dun c go get car come back n pick,ham,ham
size elephant tablets u shove um ur ass,ham,ham
decide faster cos sis going home liao,ham,ham
thanks ringtone order ref number k718 mobile charged 4 50 tone arrive please call customer services 09065069120,spam,spam
take something pain moves however side next 6hrs see doctor,ham,ham
think mentor 100 percent sure,ham,ham
class get text,ham,ham
princess kitty shaved natural,ham,ham
beerage,ham,ham
loan inr5 00 000 7 50 000 homeowners tenants welcome previously refused still help call free 0800 1956669,smishing,smishing
two fundamentals cool life walk like king walk like dont care whoever king gud nyt,ham,ham
made eta taunton 12 30 planned hope still okday good see xx,ham,ham
idc get weaseling way shit twice row,ham,ham
dear voucher holder claim weeks offer pc please go ts cs apply,smishing,smishing
message responce happend everything fine,ham,ham
class lt gt reunion,ham,ham
dear relieved westonzoyland going plan end,ham,ham
like,ham,ham
ugh gotta drive back sd la butt sore,ham,ham
time month mid time,ham,ham
thought praps meant another one goodo look tomorrow,ham,ham
dled 3d imp,ham,ham
aight ill get fb couple minutes,ham,ham
k girl waiting reception ah,ham,ham
hi yijue regarding 3230 textbook intro algorithms second edition selling 50,ham,ham
know people still town,ham,ham
pizza u want,ham,ham
cant pick phone right pls send message,ham,ham
supposed make still town though,ham,ham
dunno cos v late n reach inside already ate spageddies lor e gals r laughing lor,ham,ham
lookatme thanks purchase video clip lookatme charged 35p think better send video mmsto 32323,spam,ham
sorry help sorry,ham,ham
thank winner notified sms good luck future marketing reply stop 84122 customer services 08450542832,smishing,smishing
dear voucher holder 2 claim weeks offer pc go ts cs app,smishing,smishing
worse uses half way stops better complete,ham,ham
reading text sent meant joke read light,ham,ham
sen told going join uncle finance cbe,ham,ham
mila age23 blonde new uk look sex uk guys u like fun text mtalk 69866 18call 08718728876,smishing,ham
watching cartoon listening music evening go temple u,ham,ham
good afternoon love good see words ym get tm smart move slave smiles drink coffee await,ham,ham
free msg single find partner area 1000s real people waiting chat send chat 62220cncl send stopcs 08717890890 1 50 per msg,spam,spam
congratulations u claim 2 vip row tickets 2 c blu concert november blu gift guaranteed call 09061104276 claim ts cs cost 3 75max,smishing,smishing
ranjith cal drpd,ham,ham
urgent mobile awarded 1 500 bonus caller prize 27 6 03 final attempt 2 contact u call 08714714011,smishing,smishing
electricity went fml,ham,ham
08714712388 10am 7pm cost 10p,spam,ham
da birthdate certificate april real date today dont publish shall give special treat keep secret way thanks wishes,ham,ham
jus finish bathing,ham,ham
good lets thank god please complete drug lots water beautiful day,ham,ham
jot things want remember later,ham,ham
que pases un buen tiempo something like,ham,ham
u knw dis lt gt,ham,ham
small problem auction punj asking tiwary,ham,ham
k sure get noon see,ham,ham
mummy boy good bad positive negative mummy made wait hmmmm,ham,ham
cramps stopped going back sleep,ham,ham
india take lead,ham,ham
beauty life next second hides thousands secrets wish every second wonderful ur life gud n8,ham,ham
check audrey status right,ham,ham
k k good study well,ham,ham
70 mins stop somewhere first,ham,ham
hhahhaahahah rofl wtf nig leonardo room something,ham,ham
ugh long day exhausted want cuddle take nap,ham,ham
dear know lt gt th lt gt th birthday loving gopalettan planning give small gift day like participate welcome please contact admin team details,ham,ham
time thinkin goin,ham,ham
